gu,dong,center_lat,center_lng,total_shop_count,education_count,etc_count,leisure_count,living_service_count,restaurant_count,medical_count,cafe_count,convenience_count,finance_count,life_infra_count,nearest_station_distance,nearest_station_name,nearest_station_line,station_count_500m,station_count_1km,line_count_500m,line_count_1km
강남구,개포1동,37.482735,127.05763,133,15,58,0,47,1,4,2,6,0,73,468.99,구룡,분당선,1,3,1,2
강남구,개포2동,37.486479,127.065948,847,161,262,17,209,65,72,30,31,0,538,293.71,개포동,분당선,1,4,1,2
강남구,개포3동,37.493768,127.077913,329,36,152,7,61,16,34,14,9,0,156,145.6,대청,3호선,1,3,1,2
강남구,개포4동,37.477061,127.049013,1483,129,892,26,212,81,59,44,40,0,521,1116.96,매봉,3호선,0,0,0,0
강남구,논현1동,37.510917,127.025827,5175,245,3212,91,678,296,394,167,92,0,1705,389.65,논현,7호선,2,8,2,5
강남구,논현2동,37.51523,127.03613,5267,258,3285,97,739,388,228,183,89,0,1702,410.0,학동,7호선,1,6,1,3
강남구,대치1동,37.494762,127.059559,936,346,207,16,133,37,125,42,30,0,671,360.6,대치,3호선,1,7,1,2
강남구,대치2동,37.5041,127.061905,3250,514,1882,48,305,177,102,148,74,0,1172,539.0,삼성(무역센터),2호선,0,2,0,2
강남구,대치4동,37.501739,127.054001,3871,1016,1715,70,394,271,137,189,79,0,1897,574.5,선릉,분당선,0,3,0,2
강남구,도곡1동,37.487974,127.037443,1310,156,708,24,155,75,108,53,31,0,525,498.82,양재(서초구청),3호선,1,3,1,2
강남구,도곡2동,37.485971,127.046924,1191,115,663,26,126,117,53,64,27,0,438,109.38,매봉,3호선,1,3,1,2
강남구,삼성1동,37.511702,127.059144,3277,136,2210,60,267,258,119,142,85,0,865,296.25,봉은사,9호선(연장),3,5,3,4
강남구,삼성2동,37.51013,127.049808,3601,302,2255,50,495,181,125,122,71,0,1174,443.3,삼성중앙,9호선(연장),1,5,1,3
강남구,세곡동,37.47054,127.10394,1157,150,608,16,161,72,56,52,42,0,481,1772.18,수서,수도권 광역급행철도,0,0,0,0
강남구,수서동,37.487722,127.102549,901,38,568,15,91,77,58,33,21,0,285,68.35,수서,3호선,3,3,3,3
강남구,신사동,37.521561,127.023815,4367,371,2334,71,526,348,473,167,77,0,1795,666.6,신사,3호선,0,3,0,2
강남구,압구정동,37.525805,127.034334,4277,445,2169,86,542,416,411,142,66,0,1880,536.73,압구정,3호선,0,2,0,2
강남구,역삼1동,37.499879,127.035,13380,879,8594,261,1448,865,621,483,229,0,4042,152.72,역삼,2호선,1,4,1,3
강남구,역삼2동,37.499531,127.044267,3556,278,2170,68,486,179,179,127,69,0,1191,632.55,선릉,2호선,0,4,0,2
강남구,일원1동,37.491722,127.084061,762,72,390,33,100,58,57,30,22,0,309,446.5,대청,3호선,1,2,1,1
강남구,일원본동,37.484385,127.085218,337,64,89,8,72,26,39,18,21,0,222,107.08,일원,3호선,1,1,1,1
강남구,청담동,37.522793,127.047097,4716,346,2677,91,690,365,346,108,93,0,1840,670.38,청담,7호선,0,4,0,2
강동구,강일동,37.567665,127.174322,475,125,116,12,64,40,51,26,41,0,321,1140.25,강일,5호선,0,0,0,0
강동구,고덕1동,37.559485,127.151944,437,90,159,9,93,32,14,19,21,0,250,534.9,고덕,5호선,0,1,0,1
강동구,고덕2동,37.560766,127.164532,896,96,413,18,154,78,55,48,34,0,417,480.43,상일동,5호선,1,1,1,1
강동구,길동,37.538342,127.141767,2454,138,1339,81,342,212,173,80,89,0,954,166.68,길동,5호선,1,3,1,1
강동구,둔촌1동,37.526258,127.138438,191,30,44,3,32,19,41,11,11,0,133,257.37,둔촌동,5호선,1,3,1,2
강동구,둔촌2동,37.531574,127.1428,905,88,403,31,177,75,53,44,34,0,427,586.93,중앙보훈병원,9호선(연장),0,3,0,2
강동구,명일1동,37.54994,127.144967,1252,153,552,51,170,117,103,71,35,0,578,180.46,명일,5호선,1,3,1,1
강동구,명일2동,37.551781,127.15444,920,295,281,23,96,73,75,47,30,0,569,359.29,고덕,5호선,1,2,1,1
강동구,상일1동,37.550083,127.169335,671,80,262,20,116,78,36,39,40,0,350,780.71,상일동,5호선,0,1,0,1
강동구,상일2동,37.552483,127.175231,144,39,44,5,7,18,8,11,12,0,84,560.15,강일,5호선,0,2,0,1
강동구,성내1동,37.528964,127.124795,1160,117,621,33,122,103,52,77,35,0,429,407.87,강동구청,8호선,1,1,1,1
강동구,성내2동,37.534739,127.127457,1346,88,711,30,238,107,72,58,42,0,547,458.55,강동,5호선,1,4,1,2
강동구,성내3동,37.527975,127.134286,1802,171,853,67,282,179,141,66,43,0,816,174.26,둔촌동,5호선,1,3,1,2
강동구,암사1동,37.551471,127.132543,1098,73,555,34,186,107,52,41,50,0,468,460.95,암사,8호선,1,2,1,1
강동구,암사2동,37.55146,127.126834,497,62,182,22,86,53,47,27,18,0,266,153.09,암사,8호선,1,1,1,1
강동구,암사3동,37.555509,127.137,456,97,195,3,85,23,23,17,13,0,241,160.24,암사역사공원,8호선,1,2,1,2
강동구,천호1동,37.546315,127.138881,888,75,411,22,157,77,60,31,55,0,424,362.37,굽은다리(강동구민회관앞),5호선,1,3,1,1
강동구,천호2동,37.54249,127.126356,2217,116,1279,50,268,179,159,82,84,0,806,505.46,천호(풍납토성),5호선,0,4,0,2
강동구,천호3동,37.538961,127.131821,1237,57,667,30,199,113,74,43,54,0,497,355.83,강동,5호선,1,4,1,2
강북구,미아동,37.628272,127.025092,1254,56,631,36,224,124,82,42,59,0,545,194.65,미아(서울사이버대학),4호선,1,4,1,2
강북구,번1동,37.637553,127.028112,1283,51,707,48,189,110,78,46,54,0,482,216.79,수유(강북구청),4호선,1,1,1,1
강북구,번2동,37.631151,127.034554,203,9,93,7,34,19,12,17,12,0,86,904.43,미아(서울사이버대학),4호선,0,1,0,1
강북구,번3동,37.626876,127.04258,296,38,111,8,46,40,22,16,15,0,161,1461.83,미아(서울사이버대학),4호선,0,0,0,0
강북구,삼각산동,37.618303,127.017757,497,83,166,13,87,54,44,25,25,0,293,413.57,삼양사거리,우이신설선,2,3,1,1
강북구,삼양동,37.623169,127.017433,604,63,249,15,104,48,64,24,37,0,316,336.43,삼양사거리,우이신설선,3,4,1,2
강북구,송중동,37.615929,127.031484,1545,122,840,47,187,155,86,57,51,0,601,319.16,미아사거리,4호선,1,1,1,1
강북구,송천동,37.618206,127.025674,1194,69,616,27,210,114,74,36,48,0,515,575.37,삼양사거리,우이신설선,0,3,0,2
강북구,수유1동,37.631739,127.019729,896,43,511,21,110,86,43,29,53,0,335,330.17,화계,우이신설선,1,4,1,2
강북구,수유2동,37.645072,127.019438,811,70,378,30,142,77,44,26,44,0,377,457.06,가오리,우이신설선,1,3,1,2
강북구,수유3동,37.640049,127.024445,2001,50,1107,130,254,218,94,78,70,0,686,249.3,수유(강북구청),4호선,1,3,1,2
강북구,우이동,37.653303,127.011552,711,27,383,23,68,79,28,53,50,0,252,338.97,솔밭공원,우이신설선,2,2,1,1
강북구,인수동,37.638967,127.014874,879,75,437,22,139,65,40,51,50,0,369,331.81,가오리,우이신설선,1,3,1,2
강서구,가양1동,37.563822,126.832816,4821,221,2891,108,580,498,174,246,103,0,1576,516.1,마곡나루,공항철도1호선,0,5,0,3
강서구,가양2동,37.563573,126.852831,322,17,158,11,47,23,46,9,11,0,144,281.75,가양,9호선,1,1,1,1
강서구,가양3동,37.560141,126.8606,280,25,177,1,34,8,12,8,15,0,94,326.63,증미,9호선,1,2,1,1
강서구,공항동,37.55866,126.814027,1235,132,685,40,118,92,52,48,68,0,462,333.99,송정,5호선,1,3,1,3
강서구,등촌1동,37.556339,126.859134,1447,89,817,40,175,131,74,74,47,0,516,274.06,증미,9호선,1,3,1,1
강서구,등촌2동,37.546019,126.862044,409,42,180,10,69,39,25,20,24,0,199,605.29,등촌,9호선,0,1,0,1
강서구,등촌3동,37.561604,126.844987,1760,178,995,55,168,136,104,65,59,0,645,726.59,발산,5호선,0,3,0,2
강서구,발산1동,37.555863,126.829644,3283,382,1812,59,460,200,176,122,72,0,1290,606.26,마곡,5호선,0,3,0,1
강서구,방화1동,37.569591,126.8162,1701,203,792,51,247,143,118,79,68,0,779,231.66,신방화,9호선,1,4,1,2
강서구,방화2동,37.568534,126.807333,1112,43,681,29,129,83,36,52,59,0,350,441.8,개화산,5호선,1,9,1,5
강서구,방화3동,37.577556,126.813311,356,38,149,12,62,30,23,20,22,0,175,51.7,방화,5호선,1,2,1,1
강서구,염창동,37.551882,126.871185,1125,189,484,46,150,75,64,69,48,0,526,504.05,등촌,9호선,0,2,0,1
강서구,우장산동,37.550298,126.839956,1080,197,403,39,186,80,75,50,50,0,588,363.05,우장산,5호선,1,3,1,1
강서구,화곡1동,37.533735,126.841103,2009,98,1055,85,300,182,121,74,94,0,795,538.46,까치산,5호선,0,2,0,1
강서구,화곡2동,37.531692,126.854605,423,58,190,5,66,32,20,15,37,0,213,698.61,까치산,5호선,0,2,0,1
강서구,화곡3동,37.543904,126.83602,879,99,390,33,138,87,62,44,26,0,412,473.28,화곡,5호선,1,2,1,1
강서구,화곡4동,37.533194,126.860414,920,60,465,29,128,114,56,28,40,0,398,887.15,목동,5호선,0,2,0,1
강서구,화곡6동,37.552233,126.850832,1153,52,640,57,127,134,41,54,48,0,402,1067.25,가양,9호선,0,0,0,0
강서구,화곡8동,37.532819,126.848015,838,47,406,19,148,103,49,33,33,0,380,165.69,까치산,5호선,1,1,1,1
강서구,화곡본동,37.543511,126.845475,875,78,414,22,153,85,43,27,53,0,412,494.75,화곡,5호선,1,2,1,1
관악구,낙성대동,37.478309,126.955939,1145,72,529,34,141,202,59,75,33,0,507,431.81,서울대입구(관악구청),2호선,1,2,1,1
관악구,난곡동,37.471526,126.920291,546,46,250,15,92,41,55,13,34,0,268,1205.26,서울대벤처타운,신림선,0,0,0,0
관악구,난향동,37.462602,126.918701,217,32,78,7,41,19,15,8,17,0,124,1702.98,서울대벤처타운,신림선,0,0,0,0
관악구,남현동,37.475009,126.978786,774,69,402,29,91,74,44,35,30,0,308,296.88,사당,2호선,2,2,2,2
관악구,대학동,37.468569,126.937491,1318,100,631,42,162,145,36,142,60,0,503,494.16,서울대벤처타운,신림선,1,2,1,1
관악구,미성동,37.477744,126.915374,931,86,481,22,140,69,53,32,48,0,396,1098.28,신대방,2호선,0,0,0,0
관악구,보라매동,37.489757,126.930066,1022,68,574,28,146,103,37,39,27,0,381,233.17,당곡,신림선,1,4,1,2
관악구,삼성동,37.469154,126.931487,480,27,271,7,106,24,22,5,18,0,197,383.35,서울대벤처타운,신림선,1,1,1,1
관악구,서림동,37.473514,126.93724,705,67,340,19,112,53,22,53,39,0,293,336.65,서울대벤처타운,신림선,1,3,1,1
관악구,서원동,37.482094,126.930917,1177,83,656,52,125,106,46,54,55,0,415,257.18,신림,2호선,3,5,2,2
관악구,성현동,37.488139,126.950974,435,97,146,9,72,36,24,28,23,0,252,782.02,서울대입구(관악구청),2호선,0,2,0,2
관악구,신림동,37.486156,126.928809,1644,61,910,65,231,160,91,73,53,0,596,154.13,신림,신림선,3,5,2,2
관악구,신사동,37.485311,126.917732,1015,65,503,35,198,84,35,40,55,0,437,469.81,신대방,2호선,1,2,1,2
관악구,신원동,37.480992,126.927184,729,47,398,14,113,68,29,28,32,0,289,420.95,신림,2호선,2,3,2,2
관악구,은천동,37.484909,126.942023,1106,123,556,32,142,125,48,44,36,0,474,283.45,봉천,2호선,1,1,1,1
관악구,인헌동,37.474651,126.965416,866,67,408,29,138,81,64,48,31,0,381,295.53,낙성대,2호선,1,1,1,1
관악구,조원동,37.482753,126.907477,1175,53,648,50,174,99,47,54,50,0,423,604.57,구로디지털단지,2호선,0,2,0,1
관악구,중앙동,37.483773,126.950862,808,78,371,26,121,71,75,42,24,0,369,326.07,서울대입구(관악구청),2호선,1,2,1,1
관악구,청룡동,37.480474,126.94634,1608,134,783,54,266,147,83,78,63,0,693,445.11,봉천,2호선,1,2,1,1
관악구,청림동,37.48877,126.958699,308,60,110,9,62,31,12,12,12,0,177,914.69,숭실대입구(살피재),7호선,0,2,0,2
관악구,행운동,37.481202,126.958471,1274,117,601,39,212,107,88,61,49,0,573,505.81,서울대입구(관악구청),2호선,0,2,0,1
광진구,광장동,37.546347,127.104128,916,132,424,22,134,68,43,54,39,0,416,126.08,광나루(장신대),5호선,1,1,1,1
광진구,구의1동,37.540335,127.086066,1334,93,686,60,211,148,45,53,38,0,535,362.51,구의(광진구청),2호선,1,2,1,1
광진구,구의2동,37.550073,127.090585,879,79,427,27,125,83,50,52,36,0,373,194.02,아차산(어린이대공원후문),5호선,1,1,1,1
광진구,구의3동,37.537523,127.094122,2051,235,1186,57,212,130,93,78,60,0,730,274.44,강변(동서울터미널),2호선,1,2,1,1
광진구,군자동,37.55356,127.074011,1323,81,705,37,181,146,59,62,52,0,519,598.49,군자(능동),7호선,0,3,0,2
광진구,능동,37.554527,127.081521,639,52,342,26,77,48,29,32,33,0,239,326.31,군자(능동),7호선,2,4,2,2
광진구,자양1동,37.535259,127.080716,1260,72,673,29,196,123,81,45,41,0,513,501.09,구의(광진구청),2호선,0,1,0,1
광진구,자양2동,37.532071,127.082425,948,74,462,29,169,75,53,44,42,0,413,636.09,구의(광진구청),2호선,0,1,0,1
광진구,자양3동,37.535367,127.072173,926,121,425,22,152,70,44,56,36,0,423,611.21,건대입구,7호선,0,3,0,2
광진구,자양4동,37.537521,127.066005,1474,74,800,63,207,128,72,73,57,0,538,423.65,건대입구,2호선,1,3,1,2
광진구,중곡1동,37.561697,127.079191,1124,50,687,28,147,85,55,36,36,0,373,513.63,군자(능동),5호선,0,3,0,2
광진구,중곡2동,37.558718,127.083928,1161,104,584,34,204,85,70,41,39,0,502,424.2,군자(능동),5호선,2,4,2,2
광진구,중곡3동,37.567698,127.082539,758,35,369,25,144,69,40,42,34,0,322,252.18,중곡,7호선,1,2,1,1
광진구,중곡4동,37.558098,127.089638,888,63,454,31,139,83,43,35,40,0,368,712.51,아차산(어린이대공원후문),5호선,0,4,0,2
광진구,화양동,37.544016,127.070526,2335,104,1193,119,280,310,78,153,98,0,870,361.7,건대입구,7호선,2,3,2,2
구로구,가리봉동,37.482285,126.888445,678,18,415,55,85,29,20,9,47,0,199,432.39,남구로,7호선,1,3,1,2
구로구,개봉1동,37.500025,126.851042,1002,75,515,29,152,85,55,43,48,0,415,790.39,오류동,경인선,0,2,0,1
구로구,개봉2동,37.492185,126.856451,635,85,248,19,107,53,52,35,36,0,333,391.04,개봉,경인선,1,1,1,1
구로구,개봉3동,37.486987,126.854992,570,52,253,12,104,58,30,26,35,0,279,860.15,광명사거리,7호선,0,2,0,2
구로구,고척1동,37.500662,126.863023,980,85,473,40,107,111,60,48,56,0,419,736.37,개봉,경인선,0,2,0,1
구로구,고척2동,37.504339,126.854185,903,98,435,31,137,88,46,27,41,0,410,1187.08,개봉,경인선,0,0,0,0
구로구,구로1동,37.493908,126.87474,276,48,100,11,42,27,13,14,21,0,151,470.68,구일,경인선,1,1,1,1
구로구,구로2동,37.496831,126.881878,1976,67,1261,50,217,125,106,47,103,0,618,690.34,구로,경부선,0,2,0,2
구로구,구로3동,37.484283,126.895698,4102,207,2869,75,295,293,114,153,96,0,1005,514.94,구로디지털단지,2호선,0,4,0,2
구로구,구로4동,37.490703,126.888992,1302,38,817,59,128,93,77,29,61,0,397,539.12,남구로,7호선,0,3,0,2
구로구,구로5동,37.503122,126.888803,2056,84,1302,66,189,197,66,87,65,0,601,603.18,구로,경부선,0,3,0,2
구로구,수궁동,37.49451,126.827584,501,57,238,8,71,49,16,24,38,0,231,385.46,온수(성공회대입구),경인선,2,2,2,2
구로구,신도림동,37.508092,126.883867,938,119,439,28,105,103,55,58,31,0,413,586.36,구로,경부선,0,4,0,2
구로구,오류1동,37.496149,126.843007,774,40,414,25,105,70,56,23,41,0,312,275.4,오류동,경인선,1,1,1,1
구로구,오류2동,37.488831,126.84011,791,121,306,19,135,80,43,36,51,0,430,273.33,천왕,7호선,1,2,1,2
구로구,항동,37.47962,126.820965,437,76,215,10,52,29,16,20,19,0,192,1038.83,역곡,경인선,0,0,0,0
금천구,가산동,37.477508,126.883784,10017,303,7826,106,708,420,140,299,215,0,1786,330.05,가산디지털단지,7호선,2,3,2,2
금천구,독산1동,37.467308,126.894698,1751,91,957,59,232,164,71,84,93,0,651,487.08,독산,경부선,1,1,1,1
금천구,독산2동,37.463965,126.901371,644,41,323,18,101,65,35,29,32,0,274,1109.64,독산,경부선,0,0,0,0
금천구,독산3동,37.475776,126.90285,1133,50,651,44,142,88,60,34,64,0,404,1062.96,구로디지털단지,2호선,0,0,0,0
금천구,독산4동,37.469147,126.901632,569,31,284,34,80,74,12,19,35,0,232,1128.6,독산,경부선,0,0,0,0
금천구,시흥1동,37.453734,126.901829,1947,116,1083,67,219,172,140,68,82,0,729,724.07,금천구청,경부선,0,1,0,1
금천구,시흥2동,37.450446,126.915567,233,50,90,4,43,13,14,10,9,0,129,1990.68,금천구청,경부선,0,0,0,0
금천구,시흥3동,37.44095,126.903546,382,15,245,9,46,28,14,13,12,0,115,665.61,석수,경부선,0,1,0,1
금천구,시흥4동,37.45945,126.906825,385,45,162,10,71,37,24,7,29,0,206,1210.9,금천구청,경부선,0,0,0,0
금천구,시흥5동,37.450721,126.90853,673,50,315,23,115,65,42,25,38,0,310,1395.37,금천구청,경부선,0,0,0,0
노원구,공릉1동,37.622892,127.074505,1862,102,936,47,245,244,114,108,66,0,771,347.14,공릉(서울과학기술대),7호선,1,4,1,2
노원구,공릉2동,37.625735,127.081734,1187,156,454,50,153,172,57,84,61,0,599,682.18,화랑대(서울여대입구),6호선,0,3,0,2
노원구,상계10동,37.658551,127.060508,256,53,103,3,45,12,11,15,14,0,135,351.72,노원,4호선,2,3,2,2
노원구,상계1동,37.676739,127.055167,1165,105,528,61,168,128,65,54,56,0,522,124.22,수락산,7호선,1,2,1,2
노원구,상계2동,37.656833,127.064796,2058,152,1140,82,219,226,109,76,54,0,760,147.73,노원,4호선,2,3,2,2
노원구,상계3.4동,37.669264,127.079903,713,53,364,25,109,57,40,23,42,0,301,134.13,불암산,4호선,1,1,1,1
노원구,상계5동,37.662645,127.070076,1051,97,551,26,163,101,35,36,42,0,438,365.11,상계,4호선,1,2,1,1
노원구,상계6.7동,37.6522,127.061071,1253,148,485,42,137,94,242,59,46,0,667,297.97,노원,7호선,2,3,2,2
노원구,상계8동,37.66577,127.056189,273,52,89,15,41,17,36,12,11,0,157,160.08,마들,7호선,1,1,1,1
노원구,상계9동,37.666142,127.061021,286,65,88,7,47,21,32,7,19,0,184,323.43,마들,7호선,1,1,1,1
노원구,월계1동,37.620002,127.060864,842,48,393,46,96,110,55,51,43,0,352,412.6,광운대,경원선,1,3,1,2
노원구,월계2동,37.630554,127.053186,325,40,119,8,60,31,17,21,29,0,177,578.33,월계,경원선,0,1,0,1
노원구,월계3동,37.623927,127.063902,336,28,149,5,48,33,21,27,25,0,155,184.97,광운대,경원선,1,2,1,2
노원구,중계1동,37.650123,127.074886,701,282,175,10,74,43,44,41,32,0,475,1116.98,중계,7호선,0,0,0,0
노원구,중계2.3동,37.641271,127.066051,732,65,433,10,72,48,44,25,35,0,264,399.14,중계,7호선,1,2,1,1
노원구,중계4동,37.659111,127.074641,696,77,297,44,91,88,41,32,26,0,323,217.85,상계,4호선,1,1,1,1
노원구,중계본동,37.649649,127.079204,905,384,205,24,89,70,42,58,33,0,618,1343.44,상계,4호선,0,0,0,0
노원구,하계1동,37.637441,127.071814,614,76,298,15,57,71,28,41,28,0,260,357.83,하계,7호선,1,1,1,1
노원구,하계2동,37.635457,127.06519,161,27,53,3,30,18,11,3,16,0,102,265.88,하계,7호선,1,2,1,2
도봉구,도봉1동,37.679738,127.042968,997,42,561,37,123,106,33,42,53,0,357,232.0,도봉,경원선,1,1,1,1
도봉구,도봉2동,37.677306,127.047131,795,43,468,20,108,62,29,33,32,0,274,285.06,도봉,경원선,1,2,1,2
도봉구,방학1동,37.665771,127.041741,1482,100,738,83,206,159,88,43,65,0,618,294.55,방학,경원선,1,1,1,1
도봉구,방학2동,37.665965,127.034684,654,31,368,9,106,50,27,22,41,0,255,861.17,방학,경원선,0,1,0,1
도봉구,방학3동,37.66103,127.028114,324,62,113,9,40,31,27,20,22,0,182,1372.29,북한산우이,우이신설선,0,0,0,0
도봉구,쌍문1동,37.652361,127.019104,463,49,186,8,68,51,20,32,49,0,237,573.37,4.19민주묘지,우이신설선,0,2,0,1
도봉구,쌍문2동,37.656892,127.037184,712,78,330,24,94,77,46,31,32,0,327,944.5,쌍문,4호선,0,2,0,1
도봉구,쌍문3동,37.647868,127.032169,627,42,293,20,107,62,44,24,35,0,290,239.02,쌍문,4호선,1,1,1,1
도봉구,쌍문4동,37.657035,127.030562,307,88,76,9,55,27,12,19,21,0,203,1003.68,쌍문,4호선,0,0,0,0
도봉구,창1동,37.647866,127.037878,629,50,282,19,110,59,45,33,31,0,295,291.55,쌍문,4호선,1,1,1,1
도봉구,창2동,37.643211,127.038262,809,62,447,18,122,57,27,31,45,0,313,678.63,쌍문,4호선,0,1,0,1
도봉구,창3동,37.636984,127.039961,526,18,287,14,85,46,28,18,30,0,207,1258.54,수유(강북구청),4호선,0,0,0,0
도봉구,창4동,37.653292,127.049703,1047,101,638,23,108,67,44,34,32,0,352,215.04,창동,4호선,1,3,1,3
도봉구,창5동,37.654419,127.0437,967,132,425,32,120,92,72,54,40,0,456,347.71,창동,4호선,1,1,1,1
동대문구,답십리1동,37.570873,127.053378,905,132,404,23,141,79,62,35,29,0,443,462.62,답십리,5호선,1,2,1,2
동대문구,답십리2동,37.569216,127.059479,984,56,528,36,145,65,72,30,52,0,390,657.21,답십리,5호선,0,2,0,1
동대문구,신설동,37.574997,127.026938,1242,65,761,28,123,103,37,57,68,0,396,178.96,신설동,2호선,3,6,3,3
동대문구,용두동,37.576594,127.037129,1017,35,569,24,172,74,54,47,42,0,377,258.81,제기동,1호선,2,3,2,2
동대문구,용신동,37.576879,127.03351,52,16,26,0,0,0,9,0,1,0,26,182.7,제기동,1호선,1,5,1,3
동대문구,이문1동,37.59602,127.06032,896,80,376,16,147,104,65,68,40,0,436,284.55,외대앞,경원선,1,3,1,2
동대문구,이문2동,37.602646,127.065113,409,63,162,5,84,32,22,19,22,0,223,213.84,신이문,경원선,1,2,1,1
동대문구,장안1동,37.56622,127.066923,2083,102,1214,62,263,205,85,73,79,0,734,568.86,장한평,5호선,0,1,0,1
동대문구,장안2동,37.574719,127.071445,1639,199,763,58,199,159,109,71,81,0,747,1352.05,용마산,7호선,0,0,0,0
동대문구,전농1동,37.579743,127.050513,1608,98,905,22,229,155,72,69,58,0,612,225.37,청량리(서울시립대입구),경원선,1,2,1,2
동대문구,전농2동,37.578525,127.060108,492,84,203,15,62,56,25,19,28,0,255,1069.79,청량리(서울시립대입구),경원선,0,0,0,0
동대문구,제기동,37.582204,127.038085,2202,91,1493,16,152,133,165,63,89,0,630,535.79,제기동,1호선,0,6,0,4
동대문구,청량리동,37.584124,127.045707,1060,46,622,24,130,71,77,38,52,0,376,438.42,청량리(서울시립대입구),경원선,2,2,2,2
동대문구,회기동,37.591839,127.052791,945,48,455,38,92,145,30,81,56,0,371,498.25,회기,중앙선,1,1,1,1
동대문구,휘경1동,37.591101,127.060079,612,47,303,20,100,51,33,28,30,0,261,285.77,회기,중앙선,1,2,1,2
동대문구,휘경2동,37.587563,127.062415,527,60,212,16,92,46,26,42,33,0,257,475.15,회기,중앙선,1,2,1,2
동작구,노량진1동,37.511911,126.945559,1341,134,689,36,158,131,39,102,52,0,514,353.66,노량진,경부선,2,4,2,3
동작구,노량진2동,37.512822,126.938165,1060,44,763,16,89,55,33,29,31,0,252,262.71,노량진,9호선,2,5,2,4
동작구,대방동,37.504289,126.92643,1160,195,493,38,140,100,83,59,52,0,570,382.05,서울지방병무청,신림선,1,4,1,2
동작구,사당1동,37.479967,126.979227,1460,115,756,38,196,165,82,63,45,0,603,397.4,사당,4호선,2,5,2,3
동작구,사당2동,37.488545,126.980433,1238,101,609,41,156,145,99,45,42,0,543,288.51,총신대입구(이수),4호선,2,3,2,2
동작구,사당3동,37.48575,126.973718,548,72,248,12,105,43,27,23,18,0,265,252.68,남성,7호선,1,3,1,2
동작구,사당4동,37.482405,126.972501,465,31,206,11,83,43,45,18,28,0,230,267.43,남성,7호선,1,4,1,3
동작구,사당5동,37.486248,126.96735,331,48,138,4,76,17,12,18,18,0,171,390.15,남성,7호선,1,1,1,1
동작구,상도1동,37.499178,126.952416,1364,163,554,40,211,152,84,93,67,0,677,371.47,숭실대입구(살피재),7호선,1,2,1,1
동작구,상도2동,37.504418,126.9417,956,119,413,30,154,66,85,50,39,0,463,231.18,장승배기,7호선,1,2,1,1
동작구,상도3동,37.499175,126.932002,649,46,305,19,116,50,53,39,21,0,286,333.86,신대방삼거리,7호선,1,2,1,1
동작구,상도4동,37.499314,126.938829,664,72,291,13,116,57,43,34,38,0,326,621.56,장승배기,7호선,0,3,0,1
동작구,신대방1동,37.48946,126.909562,646,66,291,18,102,65,37,27,40,0,310,386.68,신대방,2호선,1,2,1,1
동작구,신대방2동,37.495511,126.92435,796,72,346,21,130,93,34,61,39,0,368,293.51,보라매병원,신림선,1,6,1,2
동작구,흑석동,37.507012,126.962156,1046,103,465,24,149,126,71,66,42,0,491,238.65,흑석(중앙대입구),9호선,1,1,1,1
마포구,공덕동,37.547936,126.956373,1730,134,998,30,223,152,73,68,52,0,634,588.46,공덕,5호선,0,5,0,4
마포구,대흥동,37.5522,126.941113,1362,203,623,18,179,116,95,85,43,0,636,477.53,서강대,경의중앙선,3,6,3,3
마포구,도화동,37.540135,126.949121,1386,110,797,35,126,142,87,56,33,0,498,288.01,마포,5호선,4,5,4,4
마포구,망원1동,37.555141,126.905929,1621,86,876,38,196,197,61,120,47,0,587,378.58,망원,6호선,1,4,1,2
마포구,망원2동,37.559348,126.903426,994,100,511,22,160,92,29,51,29,0,410,463.41,마포구청,6호선,1,2,1,1
마포구,상암동,37.579043,126.890365,1983,192,1000,40,161,250,87,170,83,0,773,503.71,수색,경의중앙선,0,3,0,2
마포구,서강동,37.548963,126.925755,1554,160,788,32,239,171,28,94,42,0,640,291.08,상수,6호선,1,6,1,4
마포구,서교동,37.554596,126.921957,8829,618,5135,211,1006,847,261,531,220,0,2952,288.69,홍대입구,2호선,1,6,1,4
마포구,성산1동,37.561384,126.912272,1157,97,698,25,133,79,22,62,41,0,372,619.92,망원,6호선,0,3,0,2
마포구,성산2동,37.567368,126.904541,1326,139,702,22,180,91,55,61,76,0,541,441.25,마포구청,6호선,1,3,1,2
마포구,신수동,37.546969,126.935956,856,91,431,17,132,72,30,53,30,0,355,353.55,광흥창(서강),6호선,1,4,1,3
마포구,아현동,37.550816,126.952974,1091,116,549,23,150,80,80,53,40,0,466,469.44,애오개,5호선,1,7,1,5
마포구,연남동,37.562706,126.922859,2320,124,1292,20,294,308,14,219,49,0,789,656.36,홍대입구,경의중앙선,0,4,0,3
마포구,염리동,37.549811,126.946607,626,85,255,11,99,87,20,43,26,0,317,459.9,대흥(서강대앞),6호선,1,7,1,5
마포구,용강동,37.542187,126.944549,1532,171,888,46,134,135,43,71,44,0,527,315.1,마포,5호선,1,6,1,4
마포구,합정동,37.548781,126.913002,2121,143,1248,37,277,202,38,131,45,0,705,57.4,합정,6호선,2,4,2,2
서대문구,남가좌1동,37.570954,126.915892,451,53,231,5,54,44,38,14,12,0,201,276.19,가좌,경의중앙선,1,1,1,1
서대문구,남가좌2동,37.577912,126.922482,991,111,424,29,137,112,57,76,45,0,462,1215.5,가좌,경의중앙선,0,0,0,0
서대문구,북가좌1동,37.574684,126.908562,336,58,137,6,56,26,26,8,19,0,185,651.5,디지털미디어시티,6호선,0,5,0,3
서대문구,북가좌2동,37.580815,126.913029,997,128,428,25,183,100,51,37,45,0,507,452.52,증산(명지대앞),6호선,1,1,1,1
서대문구,북아현동,37.558447,126.955186,553,46,284,8,102,41,32,20,20,0,241,148.67,아현,2호선,1,5,1,2
서대문구,신촌동,37.558519,126.938367,3620,260,2022,95,368,406,111,229,129,0,1274,396.55,신촌,경의중앙선,2,4,2,2
서대문구,연희동,37.569604,126.930654,1839,173,989,28,240,147,69,130,63,0,692,1342.46,가좌,경의중앙선,0,0,0,0
서대문구,천연동,37.569174,126.961821,568,57,280,9,76,65,33,24,24,0,255,568.76,서대문,5호선,0,3,0,2
서대문구,충현동,37.563179,126.962409,1134,60,644,23,126,133,27,76,45,0,391,330.1,충정로(경기대입구),5호선,3,4,2,2
서대문구,홍은1동,37.597,126.946364,554,66,249,10,109,49,23,23,25,0,272,912.1,홍제,3호선,0,1,0,1
서대문구,홍은2동,37.583398,126.930284,717,97,335,21,75,73,27,43,46,0,318,1342.46,홍제,3호선,0,0,0,0
서대문구,홍제1동,37.586582,126.943743,660,82,278,17,95,75,52,31,30,0,334,276.21,홍제,3호선,1,2,1,1
서대문구,홍제2동,37.586206,126.948143,363,49,164,15,64,23,24,12,12,0,172,473.88,무악재,3호선,1,2,1,1
서대문구,홍제3동,37.5921,126.945955,851,85,436,14,87,91,69,29,40,0,372,389.93,홍제,3호선,1,1,1,1
서초구,내곡동,37.45324,127.060277,574,63,327,8,71,25,31,27,22,0,212,784.38,청계산입구,신분당선,0,1,0,1
서초구,반포1동,37.506329,127.019472,1737,146,872,36,296,94,172,75,46,0,754,440.27,사평,9호선,1,6,1,3
서초구,반포2동,37.505078,126.997878,415,74,122,3,107,27,48,14,20,0,276,252.73,신반포,9호선,1,4,1,3
서초구,반포3동,37.507366,127.005219,1218,180,675,22,137,61,81,26,36,0,495,170.1,고속터미널,9호선,3,7,3,3
서초구,반포4동,37.502237,127.004006,2524,363,1542,50,119,200,82,99,69,0,833,156.73,고속터미널,7호선,3,5,3,3
서초구,반포본동,37.502171,126.987401,228,32,103,2,66,3,2,8,12,0,115,89.94,구반포,9호선,1,4,1,2
서초구,방배1동,37.484408,126.995271,1314,134,697,45,177,91,92,47,31,0,525,389.18,내방,7호선,2,2,2,2
서초구,방배2동,37.479428,126.984374,1386,143,773,29,180,117,55,62,27,0,522,365.18,사당,4호선,2,4,2,3
서초구,방배3동,37.478331,126.99681,625,74,342,12,97,20,30,30,20,0,241,351.07,방배,2호선,1,1,1,1
서초구,방배4동,37.488967,126.989293,1687,194,913,31,219,100,119,71,40,0,672,401.41,내방,7호선,1,3,1,2
서초구,방배본동,37.494415,126.986678,1200,178,620,28,143,102,47,51,31,0,501,774.84,구반포,9호선,0,3,0,3
서초구,서초1동,37.489108,127.017737,3226,257,2248,50,261,146,109,104,51,0,824,475.39,남부터미널(예술의전당),3호선,1,4,1,2
서초구,서초2동,37.491299,127.028777,4581,557,2878,56,484,211,196,132,67,0,1515,618.65,강남,신분당선,0,4,0,3
서초구,서초3동,37.489424,127.011286,6845,361,5092,112,497,289,168,205,121,0,1436,404.93,서초,2호선,2,4,2,2
서초구,서초4동,37.498425,127.020087,3343,319,2009,61,275,155,387,95,42,0,1178,689.22,교대(법원.검찰청),2호선,0,7,0,5
서초구,양재1동,37.477156,127.034695,2702,249,1652,63,264,179,115,117,63,0,870,739.79,양재(서초구청),신분당선,0,3,0,2
서초구,양재2동,37.47038,127.042524,3173,172,2179,55,277,214,62,137,77,0,802,364.36,양재시민의숲(매헌),신분당선,1,1,1,1
서초구,잠원동,37.514179,127.01715,2114,222,1144,41,320,130,156,58,43,0,871,354.63,신사,3호선,2,6,2,3
성동구,금호1가동,37.552962,127.02452,325,64,114,11,52,29,23,17,15,0,183,409.22,신금호,5호선,1,4,1,3
성동구,금호2.3가동,37.550882,127.020865,705,57,317,18,127,85,46,24,31,0,346,410.35,신금호,5호선,1,3,1,3
성동구,금호4가동,37.547352,127.021068,439,44,192,11,77,43,40,17,15,0,219,464.32,금호,3호선,1,4,1,3
성동구,마장동,37.567547,127.040295,741,40,430,19,90,74,26,19,43,0,273,285.66,마장,5호선,1,6,1,3
성동구,사근동,37.559137,127.042525,823,32,394,36,79,140,22,70,50,0,323,441.05,한양대,2호선,2,6,2,3
성동구,성수1가1동,37.541787,127.047561,1172,99,669,21,184,95,26,51,27,0,431,323.61,서울숲,분당선,1,3,1,2
성동구,성수1가2동,37.548045,127.046935,2439,115,1571,30,247,225,56,142,53,0,696,103.04,뚝섬,2호선,1,4,1,2
성동구,성수2가1동,37.539272,127.055815,1614,50,994,27,206,175,41,75,46,0,518,590.47,성수,2호선,0,1,0,1
성동구,성수2가3동,37.545281,127.057571,3508,128,2519,53,304,218,80,132,74,0,804,161.88,성수,2호선,1,2,1,1
성동구,송정동,37.550871,127.066415,456,22,299,6,59,24,10,18,18,0,133,793.1,어린이대공원(세종대),7호선,0,1,0,1
성동구,옥수동,37.542625,127.014665,618,101,243,16,108,62,40,31,17,0,328,252.31,옥수,3호선,2,4,2,3
성동구,왕십리2동,37.562429,127.029965,491,39,237,12,89,42,26,21,25,0,221,220.72,상왕십리,2호선,1,6,1,3
성동구,왕십리도선동,37.565209,127.031118,1393,98,754,29,171,155,79,63,44,0,547,182.24,상왕십리,2호선,1,5,1,3
성동구,용답동,37.562495,127.058385,965,34,628,19,113,69,34,25,43,0,293,562.21,장한평,5호선,0,3,0,2
성동구,응봉동,37.551568,127.03267,180,33,72,4,30,12,11,7,11,0,97,244.23,응봉,경원선,1,2,1,2
성동구,행당1동,37.560144,127.035713,939,88,461,28,112,112,60,44,34,0,406,163.6,왕십리(성동구청),2호선,3,7,3,3
성동구,행당2동,37.557119,127.029623,413,113,134,6,71,29,27,13,20,0,260,26.03,행당,5호선,1,7,1,3
성북구,길음1동,37.605624,127.022016,700,130,269,14,105,66,57,34,25,0,383,363.8,길음,4호선,1,2,1,2
성북구,길음2동,37.608399,127.0276,807,110,421,11,99,62,47,35,22,0,340,585.41,미아사거리,4호선,0,2,0,1
성북구,돈암1동,37.601264,127.024588,257,107,76,4,22,15,15,8,10,0,169,241.79,길음,4호선,1,1,1,1
성북구,돈암2동,37.596256,127.01352,206,53,63,3,31,22,10,13,11,0,127,480.01,성신여대입구(돈암),4호선,2,3,2,2
성북구,동선동,37.592891,127.017767,1737,156,787,55,237,212,88,143,59,0,752,119.88,성신여대입구(돈암),우이신설선,2,4,2,3
성북구,보문동,37.583106,127.020051,660,40,345,8,111,54,29,41,32,0,266,248.84,보문,6호선,2,6,2,3
성북구,삼선동,37.588874,127.012251,1457,124,798,32,171,134,81,74,43,0,553,533.33,한성대입구(삼선교),4호선,0,5,0,3
성북구,석관동,37.609819,127.061267,1224,77,621,32,193,136,64,43,58,0,528,433.4,돌곶이,6호선,1,3,1,2
성북구,성북동,37.591797,127.003556,1051,116,557,17,136,76,45,71,33,0,406,439.3,한성대입구(삼선교),4호선,1,1,1,1
성북구,안암동,37.585849,127.027761,1062,84,484,36,110,143,32,119,54,0,423,119.28,안암(고대병원앞),6호선,1,4,1,2
성북구,월곡1동,37.607482,127.03512,702,87,332,14,102,61,42,30,34,0,326,785.23,미아사거리,4호선,0,3,0,2
성북구,월곡2동,37.604482,127.043127,921,67,426,30,130,122,49,57,40,0,408,315.41,월곡(동덕여대),6호선,1,2,1,1
성북구,장위1동,37.615753,127.045462,594,46,290,13,118,52,19,20,36,0,271,1076.16,상월곡(한국과학기술연구원),6호선,0,0,0,0
성북구,장위2동,37.612484,127.052253,632,30,362,6,113,48,29,16,28,0,248,426.98,돌곶이,6호선,1,2,1,1
성북구,장위3동,37.61905,127.051676,299,38,119,4,68,22,17,12,19,0,164,1029.63,광운대,경원선,0,0,0,0
성북구,정릉1동,37.60315,127.016941,476,75,198,11,78,42,24,18,30,0,249,312.3,정릉,우이신설선,1,2,1,2
성북구,정릉2동,37.605299,127.011674,549,72,238,17,80,52,35,33,22,0,261,284.64,정릉,우이신설선,1,2,1,1
성북구,정릉3동,37.608928,127.003941,467,26,228,8,66,58,7,31,43,0,200,516.09,북한산보국문,우이신설선,0,1,0,1
성북구,정릉4동,37.613715,127.007972,573,66,259,13,83,54,36,28,34,0,273,184.34,북한산보국문,우이신설선,1,2,1,1
성북구,종암동,37.598625,127.03439,1161,152,525,28,169,101,76,59,51,0,549,728.61,월곡(동덕여대),6호선,0,3,0,2
송파구,가락1동,37.496063,127.106015,497,40,273,1,49,42,35,23,34,0,200,678.16,송파,8호선,0,1,0,1
송파구,가락2동,37.495521,127.130928,1352,186,648,50,177,86,102,62,41,0,592,445.87,개롱,5호선,1,4,1,2
송파구,가락본동,37.496597,127.121506,2300,112,1420,133,203,184,107,84,57,0,663,278.11,경찰병원,3호선,2,6,2,3
송파구,거여1동,37.495754,127.143662,477,41,235,19,76,46,23,19,18,0,204,297.69,거여,5호선,1,3,1,1
송파구,거여2동,37.492404,127.146156,598,72,232,23,99,51,74,25,22,0,318,193.39,거여,5호선,1,2,1,1
송파구,마천1동,37.495128,127.153348,504,33,253,14,104,36,27,10,27,0,227,52.32,마천,5호선,1,2,1,1
송파구,마천2동,37.498694,127.149363,803,46,446,17,113,66,57,21,37,0,319,510.45,마천,5호선,0,2,0,1
송파구,문정1동,37.487573,127.125244,985,85,509,34,180,75,27,46,29,0,396,308.4,문정,8호선,1,5,1,2
송파구,문정2동,37.483326,127.120807,5908,205,4356,58,526,322,123,199,119,0,1295,318.43,문정,8호선,1,2,1,1
송파구,방이1동,37.509896,127.122826,1022,232,391,43,114,109,53,55,25,0,533,313.74,방이,5호선,1,6,1,3
송파구,방이2동,37.513766,127.112098,2675,166,1579,102,304,267,112,81,64,0,913,377.54,송파나루,9호선(연장),3,4,2,2
송파구,삼전동,37.503999,127.092523,1432,174,627,51,235,136,79,82,48,0,672,405.2,삼전,9호선(연장),2,2,1,1
송파구,석촌동,37.502816,127.103589,2222,211,1105,98,295,227,129,90,67,0,929,404.25,석촌,9호선(연장),2,4,2,2
송파구,송파1동,37.507287,127.109916,1712,151,848,57,235,197,70,109,45,0,698,333.18,석촌,8호선,3,5,2,2
송파구,송파2동,37.50308,127.115209,683,111,268,15,95,70,51,44,29,0,356,460.72,송파,8호선,1,4,1,2
송파구,오금동,37.505266,127.133041,1333,204,621,50,174,81,55,97,51,0,565,543.3,오금,3호선,0,4,0,2
송파구,오륜동,37.516486,127.129423,377,24,218,6,40,21,17,20,31,0,133,80.02,올림픽공원(한국체대),9호선(연장),2,4,2,2
송파구,위례동,37.480803,127.14239,840,203,291,14,125,92,38,45,32,0,490,1376.71,거여,5호선,0,0,0,0
송파구,잠실2동,37.512878,127.084585,706,98,271,12,134,49,76,28,38,0,395,192.06,잠실새내,2호선,1,4,1,2
송파구,잠실3동,37.511044,127.095432,938,70,528,9,135,75,57,34,30,0,367,484.42,잠실(송파구청),2호선,1,5,1,3
송파구,잠실4동,37.521054,127.106197,176,35,36,5,40,16,26,11,7,0,124,215.26,잠실나루,2호선,1,3,1,2
송파구,잠실6동,37.515693,127.101982,1225,94,610,27,107,159,108,81,39,0,507,235.73,잠실(송파구청),8호선,2,4,2,2
송파구,잠실7동,37.50827,127.074992,126,13,53,4,27,8,7,5,9,0,64,326.42,종합운동장,2호선,2,2,2,2
송파구,잠실본동,37.508508,127.083294,2785,239,1440,142,329,273,178,114,70,0,1089,434.68,잠실새내,2호선,1,4,1,2
송파구,장지동,37.483431,127.129269,782,109,325,34,122,59,52,46,35,0,377,591.74,장지,8호선,0,2,0,1
송파구,풍납1동,37.536628,127.120017,399,23,218,11,66,27,23,11,20,0,159,329.74,천호(풍납토성),8호선,2,3,2,2
송파구,풍납2동,37.529774,127.115832,702,78,318,17,109,54,58,38,30,0,329,417.13,강동구청,8호선,1,1,1,1
양천구,목1동,37.526402,126.873396,2009,292,980,65,170,196,158,101,47,0,863,264.0,오목교(목동운동장앞),5호선,1,2,1,1
양천구,목2동,37.544277,126.87254,796,97,350,23,128,68,40,48,42,0,375,362.35,염창,9호선,1,3,1,1
양천구,목3동,37.546676,126.865257,954,71,448,48,152,70,90,46,29,0,412,441.53,등촌,9호선,1,2,1,1
양천구,목4동,37.535372,126.866596,1037,142,459,32,158,104,55,46,41,0,500,1045.25,목동,5호선,0,0,0,0
양천구,목5동,37.536293,126.879371,1172,522,298,16,131,58,61,53,33,0,805,946.1,신목동,9호선,0,1,0,1
양천구,신월1동,37.532025,126.834893,896,45,508,26,135,81,30,24,47,0,338,1040.03,까치산,5호선,0,0,0,0
양천구,신월2동,37.523164,126.845369,497,60,220,10,100,32,36,19,20,0,248,748.72,신정네거리,2호선,0,3,0,2
양천구,신월3동,37.533949,126.827567,439,29,233,10,64,25,23,21,34,0,175,1414.19,화곡,5호선,0,0,0,0
양천구,신월4동,37.521408,126.84114,533,56,258,22,74,60,27,15,21,0,238,1048.74,신정네거리,2호선,0,0,0,0
양천구,신월5동,37.539173,126.830324,501,52,255,19,65,47,17,19,27,0,208,930.88,화곡,5호선,0,1,0,1
양천구,신월6동,37.51714,126.841656,376,46,159,14,66,39,27,16,9,0,187,1044.96,신정네거리,2호선,0,0,0,0
양천구,신월7동,37.521033,126.834232,502,39,241,19,89,43,30,14,27,0,228,1621.87,까치산,5호선,0,0,0,0
양천구,신정1동,37.520151,126.858109,899,134,412,35,117,78,52,45,26,0,407,458.42,신정네거리,2호선,1,3,1,2
양천구,신정2동,37.519671,126.873613,865,220,335,22,111,59,51,44,23,0,464,554.05,오목교(목동운동장앞),5호선,0,1,0,1
양천구,신정3동,37.515588,126.8468,827,130,282,32,156,56,88,39,44,0,474,734.44,신정네거리,2호선,0,1,0,1
양천구,신정4동,37.524765,126.859545,2246,206,1212,79,294,174,117,84,80,0,871,296.9,신정(은행정),5호선,2,3,1,2
양천구,신정6동,37.518612,126.867683,483,221,111,8,70,28,10,25,10,0,339,710.25,양천구청,2호선,0,3,0,2
양천구,신정7동,37.512025,126.863542,594,154,201,12,67,51,45,47,17,0,334,205.07,양천구청,2호선,1,1,1,1
영등포구,당산1동,37.52456,126.896372,2659,125,1739,59,291,195,66,112,72,0,749,124.93,영등포구청,5호선,2,5,2,2
영등포구,당산2동,37.531866,126.901343,1803,196,951,52,204,138,121,89,52,0,711,214.55,당산,9호선,2,4,2,2
영등포구,대림1동,37.493941,126.904961,674,30,364,28,86,65,41,21,39,0,261,703.35,대림(구로구청),7호선,0,3,0,2
영등포구,대림2동,37.490634,126.900239,1138,23,672,111,145,46,53,27,61,0,328,384.58,대림(구로구청),7호선,1,3,1,2
영등포구,대림3동,37.497544,126.897779,1264,70,747,94,150,59,50,34,60,0,389,507.64,대림(구로구청),7호선,0,2,0,2
영등포구,도림동,37.50899,126.900874,654,49,342,26,100,38,26,32,41,0,254,858.54,신도림,경부선,0,3,0,2
영등포구,문래동,37.516494,126.892177,2741,203,1733,46,232,237,95,128,67,0,834,278.39,문래,2호선,1,5,1,3
영등포구,신길1동,37.512122,126.919237,775,54,383,33,131,64,33,27,50,0,332,540.78,신길,경부선,0,6,0,4
영등포구,신길3동,37.506465,126.906773,652,45,304,23,114,55,62,19,30,0,306,762.64,신풍,7호선,0,1,0,1
영등포구,신길4동,37.507439,126.912382,302,24,143,3,59,30,15,9,19,0,147,846.39,신풍,7호선,0,3,0,3
영등포구,신길5동,37.500628,126.905948,255,21,136,8,38,15,8,13,16,0,98,356.52,신풍,7호선,1,1,1,1
영등포구,신길6동,37.499243,126.914491,928,133,397,29,137,83,68,46,35,0,456,412.98,신풍,7호선,1,4,1,2
영등포구,신길7동,37.505956,126.920525,432,57,198,14,65,35,24,21,18,0,199,192.85,서울지방병무청,신림선,1,6,1,3
영등포구,양평1동,37.524445,126.887794,1438,81,942,28,145,109,25,67,41,0,401,192.82,양평,5호선,1,4,1,2
영등포구,양평2동,37.537308,126.894366,1522,100,980,32,143,102,34,78,53,0,432,108.47,선유도,9호선,1,3,1,2
영등포구,여의동,37.523477,126.926628,6422,310,4290,72,372,649,248,328,153,0,1732,277.7,여의도,5호선,2,6,2,3
영등포구,영등포동,37.520557,126.906167,3730,145,2419,88,315,303,183,125,152,0,1098,251.74,영등포시장,5호선,1,3,1,2
영등포구,영등포본동,37.514032,126.909419,1050,56,626,32,118,85,45,33,55,0,359,227.47,영등포,경부선,1,3,1,2
용산구,남영동,37.547142,126.972935,1322,84,775,31,87,167,50,81,47,0,435,296.26,숙대입구(갈월),4호선,1,6,1,4
용산구,보광동,37.528198,126.999363,558,28,277,6,134,48,20,13,32,0,262,829.67,이태원,6호선,0,2,0,2
용산구,서빙고동,37.523124,126.992928,330,33,199,3,42,18,2,17,16,0,111,551.39,서빙고,경원선,0,1,0,1
용산구,용문동,37.537626,126.959596,486,33,251,6,86,58,15,17,20,0,212,238.29,효창공원앞,6호선,2,6,2,4
용산구,용산2가동,37.544386,126.985433,666,40,329,3,77,112,13,57,35,0,277,1085.53,녹사평(용산구청),6호선,0,0,0,0
용산구,원효로1동,37.537708,126.965733,873,57,491,17,107,94,21,53,33,0,312,325.38,효창공원앞,경의중앙선,2,8,2,4
용산구,원효로2동,37.534127,126.954489,465,46,244,8,72,34,12,21,28,0,192,831.84,효창공원앞,6호선,0,5,0,4
용산구,이촌1동,37.519776,126.974116,473,44,191,10,76,67,43,20,22,0,252,285.34,이촌(국립중앙박물관),4호선,2,2,2,2
용산구,이촌2동,37.525633,126.956018,164,13,86,0,35,14,4,3,9,0,75,887.31,용산,경부선,0,1,0,1
용산구,이태원1동,37.533624,126.992869,1641,31,1099,14,115,245,16,61,60,0,467,158.73,이태원,6호선,1,2,1,1
용산구,이태원2동,37.539258,126.990392,895,45,522,8,107,113,18,47,35,0,318,604.95,녹사평(용산구청),6호선,0,2,0,1
용산구,청파동,37.547784,126.967598,1317,67,735,28,161,157,36,90,43,0,464,535.23,숙대입구(갈월),4호선,0,6,0,4
용산구,한강로동,37.530114,126.967041,3258,108,1956,32,365,407,97,207,86,0,1063,129.14,신용산,4호선,2,4,2,3
용산구,한남동,37.535229,127.00422,2145,112,1295,36,223,268,53,101,57,0,713,536.64,한강진,6호선,0,3,0,2
용산구,효창동,37.54131,126.961333,289,42,133,2,38,21,17,22,14,0,132,231.0,효창공원앞,6호선,2,7,2,5
용산구,후암동,37.549129,126.978542,819,63,435,10,117,69,31,53,41,0,321,667.84,서울역,4호선,0,6,0,5
은평구,갈현1동,37.621937,126.918179,1043,71,512,44,156,112,61,48,39,0,439,392.53,연신내,3호선,3,3,3,3
은평구,갈현2동,37.616658,126.915505,1170,165,529,40,169,127,47,47,46,0,554,501.74,연신내,6호선,0,4,0,3
은평구,구산동,37.611229,126.911787,635,90,247,9,132,50,42,30,35,0,349,483.25,구산,6호선,1,1,1,1
은평구,녹번동,37.604616,126.929743,1180,138,549,28,200,100,55,57,53,0,546,636.04,역촌,6호선,0,4,0,2
은평구,대조동,37.612221,126.92445,1938,109,1072,36,266,178,146,74,57,0,756,460.23,불광,6호선,1,7,1,3
은평구,불광1동,37.61499,126.929353,1047,87,457,17,198,92,109,45,42,0,528,457.8,불광,6호선,2,6,2,3
은평구,불광2동,37.62233,126.924952,912,66,489,12,155,75,42,26,47,0,385,487.58,연신내,3호선,1,4,1,3
은평구,수색동,37.583856,126.894768,346,19,184,6,70,26,14,13,14,0,143,343.28,수색,경의중앙선,1,3,1,2
은평구,신사1동,37.598304,126.911384,825,66,371,27,168,70,49,37,37,0,390,370.92,응암,6호선,1,2,1,1
은평구,신사2동,37.592459,126.909856,463,69,188,2,88,43,24,18,31,0,255,362.99,새절(신사),6호선,1,3,1,1
은평구,역촌동,37.604617,126.915798,1613,174,739,49,272,169,72,73,65,0,752,631.49,역촌,6호선,0,3,0,1
은평구,응암1동,37.599829,126.923686,1200,136,550,36,183,99,100,60,36,0,554,693.5,역촌,6호선,0,2,0,1
은평구,응암2동,37.59261,126.920494,462,71,181,7,96,43,29,16,19,0,258,626.33,새절(신사),6호선,0,2,0,1
은평구,응암3동,37.589172,126.9174,1334,72,738,42,165,153,66,60,38,0,494,398.34,새절(신사),6호선,1,2,1,1
은평구,증산동,37.583438,126.906861,521,65,237,6,96,41,31,18,27,0,260,250.11,증산(명지대앞),6호선,1,3,1,2
은평구,진관동,37.639368,126.924771,1225,173,537,30,140,141,83,76,45,0,582,598.66,구파발,3호선,0,1,0,1
종로구,가회동,37.58032,126.986397,687,39,408,11,57,69,8,62,33,0,206,435.51,안국,3호선,1,2,1,2
종로구,교남동,37.57055,126.963679,272,31,106,3,38,29,28,24,13,0,139,591.86,서대문,5호선,0,2,0,2
종로구,무악동,37.575051,126.958397,137,19,53,6,17,12,9,13,8,0,65,78.23,독립문,3호선,1,1,1,1
종로구,부암동,37.598342,126.961979,491,58,285,9,41,35,9,34,20,0,163,1909.8,홍제,3호선,0,0,0,0
종로구,사직동,37.573851,126.972395,2364,111,1460,33,137,292,94,179,58,0,692,234.86,경복궁(정부서울청사),3호선,2,3,2,3
종로구,삼청동,37.58108,126.982188,742,28,501,7,36,62,11,67,30,0,167,586.73,안국,3호선,0,2,0,1
종로구,숭인1동,37.575793,127.016355,215,14,113,2,33,13,19,8,13,0,92,288.87,동묘앞,1호선,3,8,2,5
종로구,숭인2동,37.57384,127.019959,851,25,568,16,88,63,26,24,41,0,243,314.83,동묘앞,1호선,5,10,4,5
종로구,이화동,37.579963,127.003399,932,67,523,23,57,93,36,97,36,0,289,297.32,혜화,4호선,1,2,1,1
종로구,종로1.2.3.4가동,37.571827,126.987981,7912,345,5596,92,374,649,224,385,247,0,1839,219.63,종로3가,5호선,4,9,3,4
종로구,종로5.6가동,37.57178,127.004128,1711,41,1097,12,122,144,127,88,80,0,514,222.17,종로5가,1호선,2,8,2,4
종로구,창신1동,37.571837,127.01372,912,16,629,16,79,64,49,22,37,0,245,177.31,동묘앞,6호선,4,10,3,5
종로구,창신2동,37.573939,127.010759,357,9,221,5,42,35,16,16,13,0,115,250.86,동대문,1호선,3,8,3,4
종로구,창신3동,37.578688,127.014011,127,7,52,4,34,11,1,9,9,0,62,153.15,창신,6호선,1,9,1,4
종로구,청운효자동,37.581343,126.969534,949,65,572,4,76,106,13,78,35,0,295,713.53,경복궁(정부서울청사),3호선,0,1,0,1
종로구,평창동,37.608444,126.966415,648,58,354,14,91,45,24,35,27,0,245,2827.23,녹번,3호선,0,0,0,0
종로구,혜화동,37.585075,126.999099,1497,99,785,41,145,201,50,121,55,0,550,388.93,혜화,4호선,1,2,1,1
중구,광희동,37.565488,127.003615,3569,50,2867,34,132,192,55,96,143,0,572,178.44,동대문역사문화공원,5호선,3,12,3,5
중구,다산동,37.55591,127.00982,772,43,449,24,65,69,51,37,34,0,262,132.25,약수,3호선,2,7,2,3
중구,동화동,37.562041,127.017299,403,26,202,10,68,38,20,21,18,0,170,332.67,청구,6호선,4,8,3,5
중구,명동,37.564735,126.98384,4294,85,2933,35,279,357,196,247,162,0,1079,178.4,을지로입구,2호선,2,12,2,5
중구,소공동,37.563419,126.976199,2563,47,1831,15,105,212,90,149,114,0,568,71.95,시청,2호선,2,11,2,6
중구,신당5동,37.564579,127.019891,625,16,359,14,72,96,33,17,18,0,235,120.48,신당,2호선,2,7,2,3
중구,신당동,37.566116,127.013852,1385,15,922,20,158,117,29,50,74,0,393,202.23,신당,6호선,2,11,2,5
중구,약수동,37.552237,127.010009,518,40,236,14,83,49,54,26,16,0,242,227.37,약수,6호선,2,8,2,3
중구,을지로동,37.565776,126.994411,2675,36,2043,13,135,200,54,122,72,0,497,192.06,을지로3가,3호선,5,12,3,5
중구,장충동,37.560554,127.004872,484,16,332,9,29,49,4,27,18,0,116,178.98,동대입구,3호선,2,12,2,5
중구,중림동,37.558182,126.966672,542,22,307,10,54,65,22,41,21,0,184,263.69,충정로(경기대입구),2호선,3,12,3,8
중구,청구동,37.55731,127.013765,334,41,175,7,52,22,15,14,8,0,138,329.99,청구,5호선,4,6,3,3
중구,필동,37.560793,126.994569,1737,51,1236,18,130,127,28,100,47,0,383,63.06,충무로,4호선,2,8,2,4
중구,황학동,37.567847,127.020286,1011,17,708,12,84,95,34,28,33,0,263,252.45,신당,2호선,2,10,2,4
중구,회현동,37.55915,126.97813,3205,32,2365,16,147,182,90,131,242,0,693,71.46,회현(남대문시장),4호선,1,11,1,7
중랑구,망우3동,37.592717,127.098412,502,32,257,11,102,29,22,15,34,0,219,951.6,망우,중앙선,0,1,0,1
중랑구,망우본동,37.599914,127.100414,1704,97,882,60,231,159,118,74,83,0,688,750.37,망우,중앙선,0,2,0,1
중랑구,면목2동,37.589845,127.078422,927,48,492,19,157,88,38,30,55,0,386,599.46,중랑,중앙선,0,4,0,2
중랑구,면목3.8동,37.583801,127.090986,1193,54,603,61,183,137,64,50,41,0,479,391.57,사가정,7호선,1,2,1,1
중랑구,면목4동,37.574285,127.083693,502,47,249,10,95,26,15,20,40,0,223,276.64,용마산,7호선,1,3,1,1
중랑구,면목5동,37.58462,127.080323,362,16,186,8,75,28,12,16,21,0,152,770.75,면목,7호선,0,2,0,1
중랑구,면목7동,37.579042,127.08676,847,46,425,30,140,72,72,30,32,0,362,255.59,사가정,7호선,1,2,1,1
중랑구,면목본동,37.588351,127.089305,1388,69,727,42,213,140,101,34,62,0,585,160.79,면목,7호선,1,4,1,2
중랑구,묵1동,37.61429,127.07988,898,85,399,30,155,94,43,51,41,0,418,448.36,먹골,7호선,1,4,1,2
중랑구,묵2동,37.609869,127.076273,889,50,497,34,144,67,38,27,32,0,331,153.79,먹골,7호선,1,4,1,2
중랑구,상봉1동,37.599804,127.089752,644,59,304,14,105,57,34,29,42,0,297,192.12,망우,중앙선,1,4,1,2
중랑구,상봉2동,37.59437,127.083793,1498,51,782,85,192,196,81,53,58,0,578,216.14,상봉(시외버스터미널),7호선,2,6,2,2
중랑구,신내1동,37.608662,127.100729,1031,117,514,33,117,103,52,57,38,0,427,518.44,신내,경춘선,0,3,0,3
중랑구,신내2동,37.610671,127.093726,595,102,258,10,99,35,43,21,27,0,306,763.21,봉화산(서울의료원),6호선,0,3,0,2
중랑구,중화1동,37.601532,127.081547,506,63,215,10,102,30,29,17,40,0,264,230.52,중화,7호선,1,5,1,2
중랑구,중화2동,37.59933,127.076791,1085,36,628,45,145,104,52,31,44,0,381,418.65,중화,7호선,2,5,2,3
